{
  "rhythm_irregularity": 0.2993810474872589,
  "pause_likelihood": 0.104693204164505,
  "pitch_monotony": 0.04533996433019638,
  "energy_drop": 0.04317989572882652,
  "voice_quality_anomaly": 0.03231462463736534,
  "voice_quality_periodicity": 0.47509121894836426
}