{
  "rhythm_irregularity": 0.7594010829925537,
  "pause_likelihood": 0.03374814614653587,
  "pitch_monotony": 0.048370372503995895,
  "energy_drop": 0.05545786768198013,
  "voice_quality_anomaly": 0.018358299508690834,
  "voice_quality_periodicity": 0.08466420322656631
}